female,wjtest01,wjtest07,wjtest10,age,cutoff,white,black,hispanic,other,freelunch,agexcutoff
0,3,2,2,-202,0,0,0,1,0,1,0
1,,,,285,1,0,1,0,0,1,285
1,,,,-240,0,1,0,0,0,,0
0,0,2,0,-126,0,,,,,,0
1,11,9,12,-13,0,0,0,1,0,1,0
0,7,7,11,-294,0,0,0,1,0,,0
0,,,,-102,0,0,0,1,0,1,0
0,2,7,7,-116,0,0,0,1,0,,0
1,3,5,9,-41,0,,,,,,0
0,,,,75,1,0,0,0,1,1,75
1,,,,-145,0,0,0,1,0,1,0
0,4,7,14,-352,0,,,,,,0
0,,,,-126,0,0,1,0,0,1,0
0,,,,68,1,0,1,0,0,1,68
0,3,0,5,-279,0,0,0,1,0,1,0
1,2,1,5,-356,0,,,,,,0
1,,,,-22,0,0,0,1,0,,0
0,,,,-172,0,1,0,0,0,,0
1,,,,-349,0,0,0,1,0,1,0
1,,,,-61,0,0,1,0,0,1,0
0,,,,-180,0,1,0,0,0,,0
0,,,,-124,0,0,1,0,0,,0
0,,,,-295,0,0,0,1,0,1,0
0,18,6,10,-338,0,,,,,1,0
0,,,,-102,0,0,0,1,0,,0
0,10,4,9,292,1,0,1,0,0,1,292
1,0,4,11,-38,0,0,1,0,0,1,0
0,1,5,6,-295,0,,,,,,0
1,,,,-37,0,1,0,0,0,1,0
0,6,9,14,292,1,0,1,0,0,1,292
1,,,,-139,0,0,1,0,0,1,0
0,1,1,1,-324,0,0,0,1,0,1,0
1,3,,7,-20,0,0,0,0,1,1,0
0,,,,-201,0,0,0,0,1,,0
,2,2,1,-80,0,,,,,,0
1,,,,-33,0,0,1,0,0,1,0
0,,,,94,1,0,0,1,0,1,94
1,4,9,13,-102,0,0,0,1,0,1,0
1,6,5,7,-258,0,0,0,0,1,,0
1,,,,-90,0,0,0,1,0,,0
1,,,,-167,0,1,0,0,0,,0
0,7,1,6,-210,0,0,1,0,0,1,0
0,3,7,12,239,1,0,0,0,1,1,239
0,4,3,0,-159,0,0,0,1,0,1,0
0,,,,-196,0,0,0,1,0,,0
1,,,,-188,0,0,0,1,0,,0
0,6,4,8,17,1,0,0,1,0,1,17
0,1,4,0,-353,0,0,0,1,0,1,0
0,,,,88,1,0,1,0,0,,88
1,,,,201,1,0,0,1,0,,201
1,,,,-164,0,0,1,0,0,,0
1,8,7,17,292,1,0,1,0,0,1,292
0,12,6,12,-159,0,0,0,0,1,1,0
1,7,7,0,-45,0,0,0,1,0,1,0
0,5,4,9,-57,0,0,0,0,1,1,0
1,2,,5,-71,0,0,0,1,0,1,0
1,8,1,9,-164,0,0,1,0,0,1,0
1,,,,-240,0,0,0,1,0,,0
0,,,,-143,0,1,0,0,0,,0
0,,,,-285,0,0,1,0,0,1,0
1,,,,-349,0,0,1,0,0,,0
0,,,,40,1,0,1,0,0,1,40
0,,,,-249,0,0,0,0,1,,0
1,,,,-137,0,0,1,0,0,,0
0,2,3,3,158,1,0,0,1,0,,158
0,5,0,0,-70,0,,,,,,0
0,,,,-284,0,0,1,0,0,1,0
0,,,,-10,0,,,,,,0
1,14,10,13,-104,0,,,,,,0
1,13,4,18,-20,0,1,0,0,0,,0
1,,,,-354,0,0,0,1,0,,0
1,,,,-156,0,0,1,0,0,,0
1,8,11,13,138,1,0,1,0,0,,138
1,,,,-58,0,0,0,1,0,,0
1,2,2,6,-256,0,0,1,0,0,1,0
0,,,,-75,0,0,0,1,0,,0
0,1,7,8,-65,0,,,,,,0
0,,,,-185,0,0,0,1,0,,0
1,0,4,0,-286,0,0,0,1,0,1,0
1,,,,-124,0,1,0,0,0,,0
0,,,,-47,0,0,0,0,1,,0
1,0,0,0,-111,0,,,,,,0
1,11,10,14,323,1,1,0,0,0,,323
1,3,2,2,-149,0,0,0,1,0,,0
0,9,11,17,108,1,0,1,0,0,1,108
0,,,,-286,0,0,0,0,1,,0
1,4,1,5,-317,0,,,,,,0
1,,,,-349,0,0,1,0,0,,0
0,13,9,19,249,1,0,1,0,0,,249
1,0,1,2,-91,0,1,0,0,0,,0
1,,,,-277,0,0,1,0,0,,0
1,2,,2,-25,0,0,1,0,0,1,0
0,11,5,13,11,1,0,1,0,0,1,11
,6,7,15,-293,0,,,,,,0
1,,,,-344,0,0,0,1,0,1,0
0,,,,-303,0,0,1,0,0,1,0
0,5,1,6,-235,0,,,,,,0
0,,,,131,1,0,0,1,0,1,131
1,12,10,13,-298,0,0,0,1,0,1,0
0,2,0,6,-345,0,0,0,1,0,1,0
1,2,8,8,-221,0,0,0,0,1,1,0
1,3,5,9,-15,0,0,0,1,0,1,0
1,11,7,7,-279,0,0,1,0,0,1,0
1,4,5,12,-178,0,0,0,1,0,1,0
1,4,8,7,-166,0,0,1,0,0,1,0
1,3,5,4,-313,0,0,0,1,0,1,0
1,0,0,0,-91,0,0,0,1,0,1,0
0,0,5,0,-87,0,0,0,1,0,1,0
1,3,6,12,-38,0,0,1,0,0,1,0
1,12,2,7,-259,0,0,0,1,0,1,0
1,6,6,10,-109,0,0,0,1,0,1,0
1,11,10,19,-316,0,0,0,0,1,1,0
1,0,0,0,-325,0,0,1,0,0,1,0
0,10,9,12,-3,0,0,1,0,0,1,0
1,6,2,0,-292,0,0,0,1,0,1,0
0,3,2,12,-82,0,0,0,0,1,1,0
0,7,6,13,-158,0,0,1,0,0,1,0
1,,,,-27,0,0,1,0,0,1,0
1,1,3,0,-246,0,0,0,1,0,1,0
1,,,,-135,0,0,0,1,0,1,0
0,0,1,0,-341,0,0,0,1,0,1,0
0,,,,-126,0,0,0,1,0,1,0
1,3,0,0,-192,0,1,0,0,0,1,0
0,5,1,5,-207,0,0,1,0,0,1,0
0,3,1,9,-173,0,1,0,0,0,1,0
0,3,4,7,-160,0,0,0,1,0,1,0
0,2,0,9,-347,0,1,0,0,0,1,0
0,0,3,0,-308,0,0,0,1,0,1,0
0,1,5,2,-45,0,0,0,1,0,1,0
1,2,0,2,-216,0,0,0,1,0,1,0
0,0,0,0,-337,0,0,0,1,0,1,0
1,1,4,0,-34,0,0,0,1,0,1,0
0,,,,-102,0,0,0,1,0,1,0
0,0,1,4,-227,0,0,0,1,0,1,0
1,,,,-4,0,0,0,1,0,1,0
0,,,,-180,0,0,0,1,0,1,0
1,3,1,8,-272,0,0,0,0,1,1,0
0,,,,-235,0,0,1,0,0,1,0
1,0,7,8,-138,0,1,0,0,0,1,0
0,2,1,0,-355,0,0,0,1,0,1,0
1,0,4,2,-356,0,0,0,1,0,1,0
0,1,0,6,-215,0,1,0,0,0,1,0
1,2,4,1,-259,0,0,0,1,0,1,0
0,,,,-23,0,0,0,1,0,1,0
1,4,4,0,-167,0,0,0,1,0,1,0
0,1,2,0,-270,0,0,0,1,0,1,0
1,9,2,2,-256,0,0,0,1,0,1,0
0,,,,-10,0,0,0,1,0,1,0
0,6,11,11,-74,0,0,0,1,0,1,0
0,0,5,0,-158,0,0,0,1,0,0,0
0,3,6,2,-363,0,0,0,1,0,1,0
1,2,6,2,-335,0,1,0,0,0,1,0
0,12,9,11,-239,0,0,1,0,0,0,0
0,6,7,13,-86,0,1,0,0,0,1,0
0,10,10,6,-246,0,1,0,0,0,1,0
1,4,5,12,-314,0,1,0,0,0,0,0
1,,,,-24,0,1,0,0,0,1,0
1,1,5,0,-339,0,0,0,1,0,1,0
0,5,7,10,-237,0,0,0,1,0,1,0
1,6,4,,-130,0,1,0,0,0,1,0
0,4,2,11,-249,0,0,1,0,0,1,0
0,2,1,1,-271,0,0,1,0,0,1,0
0,2,7,4,-118,0,1,0,0,0,1,0
1,,,,-275,0,0,1,0,0,1,0
1,6,5,0,-91,0,0,0,1,0,1,0
0,,,,-233,0,0,0,1,0,1,0
1,8,5,14,-333,0,0,0,1,0,1,0
1,3,5,0,-179,0,0,1,0,0,1,0
1,,,,-79,0,0,0,1,0,1,0
1,3,6,13,-95,0,0,0,0,1,1,0
0,,,,-217,0,1,0,0,0,1,0
1,4,6,2,27,1,0,0,1,0,1,27
0,5,8,16,200,1,0,0,1,0,1,200
1,12,8,16,82,1,1,0,0,0,,82
1,,,,82,1,1,0,0,0,,82
1,,,,324,1,0,1,0,0,1,324
1,8,10,14,357,1,0,1,0,0,1,357
1,8,7,14,85,1,0,1,0,0,1,85
1,6,5,4,-121,0,0,1,0,0,1,0
0,0,5,0,-345,0,0,1,0,0,1,0
0,3,5,6,-158,0,0,1,0,0,1,0
1,,,,-365,0,1,0,0,0,1,0
1,,,,-320,0,0,1,0,0,1,0
1,3,7,10,-23,0,0,1,0,0,1,0
1,9,6,10,-68,0,0,0,1,0,1,0
1,6,7,0,-5,0,1,0,0,0,0,0
1,,,,-97,0,0,0,1,0,1,0
0,,,,-111,0,0,0,1,0,1,0
1,3,7,9,-19,0,0,0,0,1,1,0
0,2,2,13,-209,0,1,0,0,0,1,0
0,,,,-325,0,1,0,0,0,1,0
1,0,1,0,-308,0,1,0,0,0,1,0
0,,,,-327,0,1,0,0,0,1,0
0,3,2,3,-277,0,1,0,0,0,1,0
1,6,7,12,-156,0,0,1,0,0,1,0
1,1,7,2,-134,0,0,1,0,0,1,0
0,6,2,0,-38,0,0,1,0,0,1,0
0,,,,-244,0,0,0,0,1,1,0
0,4,10,13,219,1,0,0,1,0,1,219
1,9,9,15,239,1,0,1,0,0,1,239
0,3,7,10,346,1,0,0,1,0,1,346
0,13,11,20,155,1,0,1,0,0,,155
0,11,11,15,337,1,0,1,0,0,,337
0,16,12,21,264,1,0,0,1,0,,264
0,6,4,11,305,1,0,1,0,0,1,305
0,6,7,17,218,1,0,1,0,0,1,218
1,2,8,10,194,1,0,1,0,0,1,194
0,4,8,12,147,1,0,0,1,0,1,147
0,8,3,10,43,1,1,0,0,0,1,43
0,,,,315,1,0,1,0,0,1,315
1,5,5,12,267,1,0,1,0,0,1,267
1,4,3,10,285,1,0,1,0,0,1,285
1,3,7,14,322,1,0,1,0,0,1,322
1,13,10,16,212,1,0,1,0,0,1,212
0,3,7,6,207,1,0,0,1,0,1,207
0,5,4,12,291,1,0,0,1,0,1,291
1,7,8,13,202,1,0,0,1,0,1,202
1,2,4,6,274,1,0,0,1,0,1,274
0,3,8,12,317,1,0,0,1,0,1,317
1,3,4,9,270,1,0,0,1,0,1,270
0,,,,149,1,0,1,0,0,1,149
0,8,9,6,162,1,0,1,0,0,,162
1,4,9,10,180,1,0,0,1,0,1,180
0,7,7,16,226,1,0,0,1,0,1,226
1,,,,334,1,0,1,0,0,1,334
0,,,,56,1,0,1,0,0,1,56
1,0,6,1,-124,0,0,0,1,0,1,0
0,0,0,3,-95,0,0,1,0,0,1,0
0,,,,-137,0,0,0,1,0,1,0
0,0,7,0,-299,0,0,0,1,0,1,0
1,3,5,10,-31,0,1,0,0,0,1,0
1,,,,-28,0,0,1,0,0,1,0
0,3,6,2,-303,0,0,0,1,0,1,0
1,0,5,0,-4,0,0,0,1,0,1,0
1,3,6,0,-312,0,0,0,1,0,1,0
0,0,1,0,-180,0,0,0,1,0,1,0
1,4,1,9,-67,0,0,0,1,0,1,0
0,0,1,0,-236,0,0,0,1,0,1,0
1,0,1,0,-313,0,0,0,1,0,1,0
1,3,,9,-5,0,0,0,1,0,1,0
0,3,0,0,-348,0,0,0,1,0,1,0
1,0,,0,-166,0,0,0,1,0,1,0
0,2,6,0,-327,0,0,1,0,0,1,0
1,0,0,0,-278,0,0,0,1,0,1,0
0,,,,-233,0,0,1,0,0,1,0
0,,,,27,1,0,1,0,0,1,27
0,,,,364,1,0,1,0,0,,364
1,,,,219,1,0,1,0,0,1,219
1,,,,33,1,0,1,0,0,1,33
1,,,,-228,0,0,1,0,0,1,0
0,9,7,14,-81,0,1,0,0,0,1,0
0,2,7,12,-122,0,0,0,1,0,1,0
0,14,3,14,-300,0,1,0,0,0,1,0
1,,,,-195,0,0,1,0,0,0,0
0,11,8,8,-86,0,0,0,1,0,1,0
1,,,,-282,0,1,0,0,0,1,0
1,6,6,10,-69,0,0,1,0,0,1,0
0,13,4,12,-282,0,0,1,0,0,1,0
1,5,6,13,-286,0,0,0,1,0,1,0
0,1,6,0,-308,0,0,0,1,0,1,0
0,9,6,9,-136,0,1,0,0,0,1,0
1,0,5,6,-153,0,0,0,1,0,1,0
1,,,,-53,0,0,0,1,0,1,0
1,2,5,5,-241,0,0,0,1,0,1,0
0,1,0,0,-233,0,0,0,0,1,0,0
0,2,2,9,-337,0,1,0,0,0,1,0
1,,,,108,1,0,1,0,0,1,108
1,,,,21,1,1,0,0,0,1,21
0,1,6,10,240,1,0,1,0,0,1,240
1,10,9,11,170,1,0,1,0,0,1,170
1,4,6,9,268,1,0,1,0,0,1,268
1,6,8,10,189,1,0,1,0,0,1,189
0,9,11,15,199,1,0,0,1,0,1,199
1,10,9,13,215,1,0,1,0,0,1,215
1,7,9,11,78,1,0,0,1,0,1,78
1,9,9,11,348,1,1,0,0,0,1,348
1,15,12,11,327,1,0,0,1,0,1,327
0,15,12,20,353,1,1,0,0,0,1,353
0,13,11,15,242,1,0,1,0,0,1,242
1,4,5,11,31,1,0,0,0,1,,31
1,,,,44,1,0,1,0,0,1,44
0,9,11,14,162,1,0,1,0,0,1,162
0,5,8,10,283,1,0,1,0,0,1,283
0,10,11,7,106,1,0,0,1,0,1,106
1,5,8,15,104,1,1,0,0,0,1,104
1,10,11,19,4,1,0,0,1,0,1,4
0,2,7,9,190,1,0,0,1,0,1,190
0,3,9,11,245,1,0,0,1,0,1,245
1,6,7,11,190,1,0,1,0,0,1,190
0,6,8,9,82,1,0,0,1,0,1,82
1,5,7,11,223,1,0,1,0,0,1,223
0,4,7,13,242,1,0,0,1,0,1,242
1,11,13,15,361,1,0,1,0,0,1,361
1,,,,313,1,0,0,1,0,1,313
0,5,6,4,63,1,0,0,0,1,1,63
0,8,9,13,326,1,1,0,0,0,1,326
1,6,7,10,246,1,0,1,0,0,1,246
0,11,7,13,292,1,0,0,1,0,1,292
1,4,3,12,-16,0,0,1,0,0,1,0
0,5,,5,-364,0,0,1,0,0,1,0
1,,,,-365,0,0,1,0,0,1,0
1,3,5,9,-270,0,0,1,0,0,1,0
0,4,2,2,-83,0,0,1,0,0,1,0
0,0,0,0,-256,0,0,1,0,0,1,0
1,,,,-81,0,0,1,0,0,1,0
0,4,5,7,-19,0,0,1,0,0,0,0
0,0,3,1,-305,0,0,1,0,0,1,0
0,0,0,0,-258,0,0,1,0,0,1,0
1,,,,-19,0,0,1,0,0,1,0
0,,,,-270,0,0,1,0,0,1,0
1,3,5,0,-311,0,0,1,0,0,1,0
0,,,,-70,0,0,1,0,0,1,0
0,2,2,3,-345,0,0,1,0,0,1,0
1,2,3,1,-111,0,0,1,0,0,1,0
0,3,4,8,-165,0,0,1,0,0,1,0
1,2,,8,-291,0,0,1,0,0,1,0
0,,,,-117,0,0,1,0,0,1,0
0,,,,-334,0,0,1,0,0,1,0
1,,,,339,1,0,0,1,0,1,339
1,,,,197,1,0,1,0,0,1,197
1,4,1,11,-216,0,0,1,0,0,0,0
0,2,4,4,-189,0,1,0,0,0,1,0
1,10,8,13,-255,0,0,1,0,0,1,0
0,,,,-65,0,0,0,1,0,1,0
1,0,2,0,-340,0,0,0,1,0,1,0
0,,,,-46,0,1,0,0,0,1,0
0,0,,0,-226,0,0,0,1,0,1,0
1,9,7,10,-139,0,0,0,1,0,1,0
1,1,,2,-58,0,0,0,1,0,1,0
0,2,7,9,-154,0,0,1,0,0,1,0
0,4,3,7,-297,0,0,0,1,0,1,0
0,3,,2,-53,0,0,0,1,0,1,0
1,3,4,0,-96,0,0,0,1,0,1,0
0,4,6,11,-60,0,0,1,0,0,1,0
0,3,1,0,-293,0,1,0,0,0,0,0
0,5,0,0,-200,0,0,0,1,0,1,0
1,14,12,15,-105,0,0,0,1,0,1,0
1,1,3,0,-331,0,0,0,1,0,1,0
1,3,1,9,-189,0,1,0,0,0,1,0
0,,,,-301,0,0,0,1,0,1,0
0,,,,-10,0,0,0,1,0,0,0
1,,,,-207,0,0,1,0,0,1,0
0,,,,-103,0,0,0,0,1,1,0
1,2,2,1,-328,0,0,0,1,0,0,0
1,0,,,-145,0,0,0,1,0,1,0
1,,,,-320,0,0,1,0,0,1,0
0,0,0,0,-265,0,0,0,1,0,0,0
1,11,8,6,-346,0,0,1,0,0,0,0
1,,,,-251,0,0,0,1,0,1,0
1,3,7,10,-7,0,0,0,1,0,1,0
1,,,,190,1,0,1,0,0,1,190
1,10,11,17,146,1,1,0,0,0,1,146
0,1,5,0,-231,0,0,0,1,0,1,0
0,4,5,9,-33,0,0,0,1,0,1,0
1,4,5,9,-11,0,0,0,1,0,1,0
1,7,4,6,-291,0,1,0,0,0,1,0
1,0,1,0,-246,0,0,0,1,0,1,0
0,1,6,0,-115,0,0,0,1,0,1,0
0,4,6,11,-71,0,1,0,0,0,1,0
1,0,0,0,-35,0,0,0,1,0,1,0
0,0,0,0,-8,0,0,1,0,0,1,0
0,1,3,0,-349,0,0,0,1,0,1,0
1,0,5,,-79,0,0,0,1,0,1,0
1,1,3,5,-302,0,0,1,0,0,1,0
0,1,1,2,-236,0,0,0,1,0,1,0
1,2,3,0,-240,0,0,0,1,0,1,0
1,10,8,11,-113,0,1,0,0,0,1,0
1,0,3,0,-214,0,0,0,1,0,1,0
1,0,3,0,-112,0,0,0,1,0,1,0
1,6,2,10,-258,0,1,0,0,0,0,0
0,1,1,1,-238,0,1,0,0,0,1,0
1,2,5,2,-90,0,0,0,1,0,1,0
1,0,6,0,-12,0,0,0,1,0,1,0
1,,,,90,1,0,0,1,0,1,90
0,3,7,11,260,1,0,0,1,0,,260
0,6,7,13,1,1,0,0,1,0,1,1
0,12,11,16,329,1,0,0,1,0,1,329
0,,,,-160,0,0,0,1,0,0,0
0,,,,-297,0,1,0,0,0,0,0
0,,,,-314,0,1,0,0,0,1,0
0,,,,-341,0,0,1,0,0,1,0
0,1,1,2,-150,0,0,0,1,0,1,0
1,,,,-127,0,0,1,0,0,1,0
1,,,,-134,0,0,0,1,0,1,0
1,1,1,0,-56,0,0,0,1,0,0,0
0,,,,-41,0,1,0,0,0,1,0
0,,,,-46,0,0,0,1,0,1,0
0,,,,-162,0,1,0,0,0,1,0
0,0,,,-310,0,0,0,1,0,1,0
1,,,,-275,0,1,0,0,0,1,0
1,,,,340,1,0,1,0,0,1,340
0,7,7,11,334,1,0,1,0,0,1,334
0,,,,176,1,0,0,0,1,1,176
1,,,,285,1,0,1,0,0,1,285
0,,,,50,1,0,1,0,0,1,50
0,6,9,12,32,1,0,0,1,0,1,32
0,,,,104,1,0,0,0,1,1,104
1,13,14,21,174,1,0,1,0,0,1,174
0,2,8,15,236,1,0,0,1,0,1,236
0,,,,228,1,0,0,1,0,1,228
0,0,0,0,363,1,0,0,1,0,1,363
1,5,11,12,331,1,0,0,1,0,1,331
1,,,,340,1,0,1,0,0,1,340
0,,,,30,1,0,1,0,0,1,30
0,9,9,12,341,1,0,1,0,0,1,341
1,,,,78,1,0,1,0,0,1,78
1,,,,142,1,1,0,0,0,1,142
0,14,11,17,269,1,0,0,1,0,,269
1,8,9,9,141,1,0,0,1,0,1,141
1,,,,289,1,0,0,0,1,1,289
1,5,9,12,331,1,0,0,1,0,1,331
1,8,9,18,47,1,0,0,1,0,1,47
0,6,7,11,50,1,0,0,1,0,1,50
1,7,12,15,177,1,1,0,0,0,,177
0,10,10,11,35,1,0,0,0,1,1,35
0,,,,-101,0,0,1,0,0,1,0
0,1,5,5,-90,0,0,1,0,0,1,0
1,0,0,0,-219,0,0,1,0,0,0,0
1,2,4,1,-297,0,0,0,1,0,1,0
1,3,6,1,-304,0,0,1,0,0,1,0
0,2,8,10,-42,0,0,1,0,0,1,0
1,12,8,6,-133,0,0,1,0,0,1,0
1,,,,-34,0,0,1,0,0,1,0
1,2,8,1,-251,0,0,0,1,0,1,0
0,5,1,2,-248,0,0,1,0,0,1,0
0,,,,-2,0,0,1,0,0,1,0
1,,,,-226,0,0,1,0,0,1,0
0,,,,-349,0,1,0,0,0,1,0
0,1,3,10,-219,0,0,1,0,0,1,0
1,9,8,7,-171,0,0,1,0,0,1,0
0,4,8,8,-71,0,0,0,1,0,1,0
0,,,,-221,0,0,1,0,0,1,0
0,4,1,5,-93,0,1,0,0,0,1,0
0,,,,-86,0,0,1,0,0,1,0
1,,,,-236,0,0,1,0,0,1,0
1,,,,360,1,0,0,0,1,,360
0,,,,204,1,0,1,0,0,1,204
1,8,10,17,170,1,0,1,0,0,1,170
0,2,1,9,57,1,0,1,0,0,1,57
1,2,5,0,-296,0,0,0,1,0,0,0
1,4,8,2,-331,0,0,0,1,0,1,0
1,0,4,2,-130,0,0,0,1,0,1,0
0,8,11,7,-32,0,0,1,0,0,1,0
1,9,10,12,-167,0,0,1,0,0,1,0
1,0,5,0,-293,0,0,0,1,0,1,0
0,6,0,0,-276,0,0,0,1,0,1,0
0,2,7,7,-249,0,0,0,1,0,1,0
1,1,7,0,-269,0,0,0,1,0,1,0
1,2,6,0,-167,0,0,0,1,0,1,0
0,,,,-6,0,0,0,1,0,1,0
1,2,8,2,-112,0,0,0,1,0,1,0
1,0,0,0,-215,0,0,0,1,0,1,0
1,1,6,0,-323,0,0,0,1,0,1,0
0,2,7,7,-249,0,0,0,1,0,1,0
1,5,6,10,-180,0,0,1,0,0,1,0
0,1,7,6,-28,0,0,0,1,0,1,0
1,1,5,0,-224,0,0,0,1,0,1,0
1,1,4,3,-227,0,0,1,0,0,1,0
0,0,0,0,-178,0,0,1,0,0,1,0
0,13,14,12,-42,0,0,1,0,0,1,0
0,,,,-176,0,1,0,0,0,1,0
1,1,11,2,-59,0,0,0,1,0,1,0
1,3,4,6,-317,0,1,0,0,0,1,0
1,,,,-190,0,0,0,1,0,1,0
1,,,,-139,0,1,0,0,0,1,0
0,2,4,11,-216,0,1,0,0,0,1,0
1,0,2,0,-40,0,0,0,1,0,1,0
0,2,1,4,-255,0,0,0,0,1,1,0
0,,,,-292,0,0,0,1,0,1,0
1,,,,-225,0,0,1,0,0,1,0
0,,,,-168,0,0,0,1,0,1,0
0,12,10,10,99,1,0,1,0,0,,99
1,13,10,20,336,1,0,1,0,0,1,336
0,15,13,22,128,1,0,1,0,0,1,128
1,8,11,10,65,1,0,0,1,0,,65
0,3,9,14,109,1,0,0,0,1,1,109
0,10,8,2,218,1,0,0,1,0,,218
1,11,7,1,316,1,1,0,0,0,1,316
0,,,,311,1,0,1,0,0,1,311
0,3,7,6,160,1,0,0,1,0,1,160
1,14,10,13,131,1,0,0,0,1,1,131
1,10,7,14,252,1,0,1,0,0,1,252
1,,,,308,1,0,1,0,0,1,308
0,9,10,20,262,1,1,0,0,0,,262
1,4,5,14,93,1,1,0,0,0,1,93
0,,,,183,1,0,1,0,0,1,183
1,,,,163,1,0,1,0,0,1,163
1,10,10,15,206,1,0,0,0,1,1,206
1,5,7,13,86,1,0,1,0,0,1,86
1,12,12,16,335,1,1,0,0,0,,335
1,7,7,11,343,1,0,0,1,0,1,343
0,,,,225,1,0,0,1,0,1,225
1,27,14,20,164,1,0,0,1,0,1,164
0,11,5,14,18,1,0,1,0,0,1,18
0,1,4,1,75,1,0,0,1,0,1,75
0,7,9,17,344,1,0,0,0,1,1,344
0,,,,72,1,0,0,1,0,1,72
1,,,,336,1,1,0,0,0,1,336
1,,,,344,1,0,0,0,1,1,344
1,,,,-94,0,1,0,0,0,1,0
1,5,10,9,-102,0,0,0,0,1,1,0
1,6,7,11,-216,0,0,1,0,0,0,0
1,1,2,3,-341,0,0,0,1,0,1,0
1,2,9,10,-187,0,0,0,1,0,1,0
0,3,1,13,-170,0,1,0,0,0,0,0
0,,,,-20,0,0,0,0,1,1,0
1,3,4,12,-129,0,1,0,0,0,1,0
0,,,,-322,0,0,1,0,0,1,0
1,2,7,8,-64,0,0,0,1,0,1,0
0,0,5,3,-285,0,0,0,1,0,1,0
1,0,1,0,-171,0,0,0,1,0,1,0
0,,,,305,1,0,0,1,0,1,305
1,9,9,14,152,1,0,1,0,0,1,152
0,9,7,15,278,1,0,1,0,0,1,278
0,12,11,15,325,1,0,1,0,0,1,325
1,7,4,10,84,1,0,1,0,0,1,84
1,10,12,11,248,1,0,0,1,0,1,248
0,2,3,10,279,1,0,1,0,0,1,279
1,5,9,16,354,1,0,1,0,0,1,354
1,,,,329,1,0,1,0,0,1,329
0,4,7,12,328,1,0,1,0,0,1,328
1,8,11,13,359,1,0,1,0,0,1,359
0,,,,2,1,0,1,0,0,1,2
0,3,,10,-69,0,0,0,1,0,1,0
0,,,,-195,0,0,0,1,0,1,0
1,7,,10,-327,0,1,0,0,0,1,0
0,4,4,8,-214,0,0,1,0,0,1,0
1,3,6,9,-221,0,0,1,0,0,1,0
0,8,,9,-286,0,0,1,0,0,1,0
0,2,,9,-88,0,0,0,0,1,1,0
1,2,,11,-289,0,1,0,0,0,1,0
1,4,7,10,-243,0,0,1,0,0,1,0
1,8,,16,-205,0,0,0,0,1,1,0
1,13,,12,-241,0,0,0,1,0,1,0
1,2,,5,-130,0,0,1,0,0,1,0
1,0,0,0,-133,0,0,0,1,0,1,0
1,1,3,3,-305,0,0,1,0,0,1,0
1,2,,7,-26,0,1,0,0,0,1,0
1,,,,-76,0,0,0,1,0,1,0
1,,,,-144,0,1,0,0,0,1,0
0,10,,7,-323,0,0,1,0,0,1,0
1,5,,12,-356,0,1,0,0,0,1,0
1,3,6,11,216,1,1,0,0,0,1,216
1,,,,343,1,0,1,0,0,,343
1,11,11,10,168,1,0,1,0,0,1,168
0,3,5,12,140,1,0,1,0,0,1,140
1,13,10,18,317,1,0,1,0,0,1,317
1,,,,261,1,0,0,0,1,1,261
0,,,,316,1,0,1,0,0,1,316
0,3,5,13,228,1,0,0,0,1,1,228
0,15,7,2,157,1,0,0,1,0,1,157
0,7,7,12,76,1,1,0,0,0,1,76
0,,,,108,1,0,1,0,0,1,108
1,6,8,7,47,1,0,1,0,0,1,47
0,,,,44,1,0,1,0,0,1,44
1,9,11,10,242,1,0,1,0,0,1,242
0,,,,203,1,0,1,0,0,1,203
0,,,,36,1,0,1,0,0,1,36
0,4,8,13,20,1,0,0,1,0,1,20
0,,,,330,1,0,1,0,0,1,330
0,12,8,15,45,1,0,1,0,0,1,45
0,,,,269,1,1,0,0,0,1,269
1,6,7,11,193,1,0,0,1,0,1,193
0,2,5,6,5,1,0,0,1,0,1,5
0,2,2,2,216,1,0,0,0,1,1,216
0,6,10,17,133,1,0,0,1,0,1,133
0,,,,254,1,0,0,1,0,1,254
0,,,,8,1,0,1,0,0,1,8
0,,,,338,1,0,1,0,0,1,338
0,4,9,6,140,1,0,0,1,0,,140
0,6,7,11,218,1,0,0,0,1,1,218
1,,,,-345,0,1,0,0,0,1,0
1,,,,-119,0,1,0,0,0,1,0
0,,,,-60,0,0,0,1,0,1,0
1,,,,-77,0,0,0,1,0,1,0
1,1,5,8,-318,0,0,1,0,0,1,0
1,,,,-304,0,0,0,1,0,1,0
0,,,,-48,0,0,0,1,0,1,0
0,,,,-197,0,0,0,1,0,1,0
1,,,,-309,0,0,0,1,0,1,0
0,,,,-35,0,0,0,1,0,1,0
0,,,,-132,0,0,1,0,0,0,0
0,,,,-9,0,1,0,0,0,1,0
1,,,,-289,0,0,0,1,0,1,0
0,,,,-46,0,0,0,1,0,1,0
0,,,,-265,0,0,0,1,0,1,0
1,,,,-86,0,0,1,0,0,1,0
1,,,,-91,0,0,0,1,0,1,0
0,,,,280,1,0,1,0,0,1,280
0,2,4,11,276,1,1,0,0,0,1,276
0,6,2,9,38,1,1,0,0,0,1,38
1,2,10,8,136,1,1,0,0,0,1,136
0,3,6,8,152,1,0,0,1,0,1,152
1,,,,85,1,0,1,0,0,1,85
0,2,6,12,24,1,0,1,0,0,,24
0,5,0,5,318,1,0,1,0,0,1,318
1,3,8,11,102,1,0,0,0,1,1,102
0,9,4,15,86,1,0,0,0,1,1,86
1,,,,305,1,0,1,0,0,1,305
0,8,5,7,25,1,0,1,0,0,1,25
1,15,10,13,5,1,0,1,0,0,1,5
1,,,,152,1,0,1,0,0,1,152
0,2,9,16,262,1,0,1,0,0,1,262
1,8,9,11,319,1,0,1,0,0,1,319
1,,,,16,1,0,1,0,0,1,16
0,,,,181,1,0,1,0,0,1,181
1,,,,330,1,0,0,1,0,1,330
0,2,6,2,194,1,0,0,1,0,1,194
0,,,,231,1,0,0,1,0,1,231
1,,,,11,1,0,1,0,0,1,11
1,,,,277,1,0,1,0,0,1,277
1,,,,5,1,0,1,0,0,1,5
0,8,8,17,224,1,0,0,1,0,1,224
1,15,12,17,322,1,0,0,1,0,1,322
0,4,10,17,162,1,0,0,1,0,1,162
1,11,6,17,266,1,0,1,0,0,1,266
0,,,,116,1,0,1,0,0,1,116
1,,,,344,1,0,1,0,0,1,344
1,12,11,17,263,1,0,1,0,0,1,263
1,,,,324,1,0,0,1,0,1,324
1,7,6,12,333,1,0,1,0,0,1,333
1,5,6,10,3,1,0,0,0,1,,3
1,0,0,0,135,1,1,0,0,0,1,135
1,11,12,9,276,1,0,0,1,0,1,276
1,1,7,2,101,1,0,0,1,0,1,101
1,7,11,9,330,1,0,0,1,0,1,330
0,,,,278,1,0,1,0,0,1,278
0,,,,24,1,0,0,0,1,1,24
0,0,6,0,170,1,0,0,1,0,1,170
0,2,7,9,319,1,0,0,0,1,1,319
1,,,,136,1,0,0,1,0,1,136
1,7,6,16,236,1,0,1,0,0,1,236
0,,,,348,1,0,1,0,0,1,348
1,3,2,3,-318,0,0,1,0,0,1,0
0,,,,-279,0,0,1,0,0,1,0
0,8,8,11,-121,0,0,1,0,0,1,0
0,3,,9,-317,0,0,1,0,0,1,0
0,2,3,14,-22,0,0,1,0,0,1,0
1,,,,-179,0,0,1,0,0,1,0
0,5,1,8,-320,0,0,1,0,0,1,0
0,3,1,6,-331,0,0,1,0,0,1,0
1,2,4,2,-181,0,0,1,0,0,1,0
1,4,1,3,-269,0,0,1,0,0,1,0
0,2,4,2,-228,0,0,1,0,0,1,0
0,,,,-76,0,0,1,0,0,1,0
0,14,12,13,-154,0,0,1,0,0,1,0
1,3,4,8,-188,0,0,1,0,0,1,0
0,,,,-238,0,0,1,0,0,1,0
1,3,3,7,-188,0,0,0,1,0,1,0
0,8,8,11,-121,0,0,1,0,0,1,0
0,,,,-192,0,0,1,0,0,1,0
1,2,4,11,-205,0,1,0,0,0,1,0
1,8,8,14,-16,0,0,1,0,0,1,0
0,10,11,15,-14,0,0,1,0,0,1,0
1,14,10,12,200,1,1,0,0,0,1,200
1,4,3,11,325,1,1,0,0,0,1,325
0,,,,134,1,0,0,1,0,1,134
1,5,3,8,151,1,0,0,1,0,1,151
0,4,9,9,288,1,0,0,1,0,1,288
0,,,,75,1,0,1,0,0,1,75
1,5,8,9,22,1,0,0,1,0,1,22
1,,,,28,1,0,1,0,0,1,28
0,14,12,15,294,1,0,1,0,0,1,294
1,,,,231,1,0,1,0,0,1,231
0,10,6,14,186,1,0,0,0,1,1,186
1,6,9,15,223,1,1,0,0,0,1,223
0,,,,162,1,0,0,0,1,,162
1,3,7,11,290,1,0,0,1,0,1,290
1,3,7,10,11,1,0,1,0,0,1,11
0,9,6,16,219,1,0,1,0,0,1,219
1,11,6,14,233,1,0,1,0,0,1,233
1,,,,193,1,0,1,0,0,1,193
1,13,4,13,152,1,0,1,0,0,,152
0,,,,343,1,0,1,0,0,1,343
0,,,,9,1,0,0,1,0,1,9
1,14,12,17,246,1,0,1,0,0,1,246
1,,,,194,1,1,0,0,0,1,194
1,3,3,9,233,1,0,0,0,1,1,233
0,,,,203,1,0,0,1,0,1,203
1,,,,128,1,0,0,1,0,1,128
0,6,10,14,332,1,0,0,0,1,1,332
0,4,6,8,187,1,0,1,0,0,1,187
1,10,7,13,239,1,0,1,0,0,1,239
0,10,12,15,264,1,1,0,0,0,1,264
0,7,10,10,311,1,0,0,1,0,1,311
0,11,8,10,113,1,0,0,1,0,1,113
1,13,9,18,172,1,0,0,1,0,1,172
1,4,9,9,282,1,0,0,1,0,1,282
0,5,5,8,224,1,0,0,1,0,1,224
0,9,12,17,223,1,0,1,0,0,1,223
1,5,3,4,201,1,1,0,0,0,,201
0,6,4,9,151,1,0,1,0,0,,151
0,12,12,16,188,1,0,1,0,0,1,188
0,6,7,11,4,1,0,0,1,0,1,4
1,7,8,14,208,1,0,0,1,0,1,208
0,6,9,11,237,1,0,0,1,0,1,237
1,8,,11,267,1,0,0,1,0,1,267
0,,,,314,1,0,1,0,0,1,314
1,2,6,10,-222,0,0,0,0,1,1,0
0,10,8,13,-209,0,0,1,0,0,1,0
1,,,,-139,0,0,1,0,0,1,0
0,,,,-255,0,0,1,0,0,1,0
1,10,6,10,-109,0,0,0,0,1,1,0
1,6,7,11,-301,0,0,1,0,0,1,0
0,8,,20,-73,0,0,1,0,0,1,0
0,,,,-285,0,0,1,0,0,1,0
0,,,,-291,0,0,1,0,0,1,0
0,1,3,7,-187,0,0,1,0,0,1,0
1,,,,-89,0,0,1,0,0,1,0
0,,,,-295,0,0,1,0,0,1,0
1,,,,-59,0,0,1,0,0,1,0
1,2,2,8,-365,0,0,1,0,0,1,0
1,5,4,11,-61,0,0,1,0,0,1,0
0,,,,-25,0,0,1,0,0,1,0
0,5,7,6,-100,0,0,1,0,0,1,0
0,,,,-92,0,0,1,0,0,1,0
0,,,,-25,0,0,1,0,0,1,0
1,5,1,1,-277,0,0,1,0,0,1,0
1,,,,177,1,0,1,0,0,1,177
0,3,6,11,74,1,0,0,1,0,1,74
0,,,,41,1,0,0,1,0,1,41
1,,,,110,1,0,0,1,0,1,110
1,,,,67,1,0,0,0,1,1,67
1,,,,285,1,0,1,0,0,1,285
0,,,,193,1,0,0,0,1,1,193
1,6,5,9,313,1,0,0,0,1,,313
0,14,12,17,301,1,1,0,0,0,1,301
0,8,6,11,282,1,0,1,0,0,,282
1,,,,140,1,0,1,0,0,1,140
0,7,4,15,-147,0,1,0,0,0,1,0
0,2,6,12,-3,0,0,0,1,0,1,0
0,2,4,0,-174,0,0,0,1,0,1,0
0,5,6,7,-267,0,0,0,1,0,1,0
0,2,2,6,-34,0,1,0,0,0,1,0
1,2,5,2,-252,0,0,0,1,0,1,0
1,3,6,6,-16,0,0,0,1,0,1,0
0,0,2,1,-271,0,0,0,1,0,0,0
1,2,6,2,-38,0,0,0,1,0,1,0
1,0,3,0,-251,0,0,0,1,0,1,0
1,11,9,19,-90,0,1,0,0,0,1,0
1,4,4,15,-5,0,1,0,0,0,0,0
1,7,8,14,-9,0,0,1,0,0,1,0
1,1,3,9,-241,0,0,0,1,0,1,0
0,5,5,2,-72,0,0,0,1,0,1,0
1,4,3,0,-151,0,0,0,1,0,1,0
0,1,1,0,-261,0,0,0,1,0,1,0
0,,,,-314,0,1,0,0,0,1,0
0,0,3,0,-148,0,0,0,1,0,1,0
1,2,8,7,-20,0,0,0,1,0,1,0
1,5,7,7,-287,0,1,0,0,0,1,0
1,7,9,16,325,1,0,0,1,0,1,325
0,8,,7,36,1,1,0,0,0,,36
0,20,20,24,239,1,1,0,0,0,,239
1,6,9,11,165,1,0,0,1,0,1,165
0,10,6,14,115,1,0,1,0,0,1,115
0,4,7,5,253,1,0,0,1,0,1,253
1,,,,237,1,0,1,0,0,1,237
0,3,3,5,228,1,0,0,1,0,1,228
1,6,5,11,184,1,1,0,0,0,1,184
0,2,4,9,159,1,0,0,1,0,1,159
1,9,9,9,122,1,0,0,0,1,,122
0,17,11,18,72,1,1,0,0,0,,72
0,5,9,18,278,1,0,0,1,0,1,278
1,8,9,16,310,1,0,0,1,0,1,310
0,2,5,7,261,1,0,0,1,0,1,261
1,16,12,16,345,1,0,1,0,0,1,345
1,12,11,11,296,1,0,0,0,1,1,296
0,4,6,13,237,1,0,0,1,0,1,237
1,4,7,10,157,1,0,0,1,0,1,157
0,2,6,10,316,1,0,0,1,0,1,316
0,3,5,13,18,1,0,0,1,0,1,18
1,,,,-308,0,1,0,0,0,1,0
1,4,5,9,-265,0,0,0,1,0,0,0
0,9,2,9,-178,0,0,0,1,0,1,0
1,2,4,11,-132,0,0,0,0,1,1,0
1,,,,-134,0,1,0,0,0,1,0
1,,,,-107,0,0,1,0,0,1,0
1,,,,-12,0,0,0,1,0,1,0
0,2,2,8,-164,0,0,0,1,0,1,0
0,2,5,7,-285,0,0,0,0,1,1,0
0,2,4,12,-25,0,0,0,1,0,1,0
1,4,3,4,-249,0,0,0,1,0,1,0
1,9,4,12,-50,0,1,0,0,0,1,0
1,,,,55,1,0,0,1,0,1,55
0,2,3,1,72,1,0,0,1,0,,72
0,1,3,3,248,1,0,0,1,0,1,248
1,4,7,8,2,1,0,0,1,0,1,2
1,,,,31,1,0,0,1,0,1,31
0,,,,22,1,0,0,1,0,1,22
0,7,7,12,11,1,0,0,1,0,1,11
0,13,13,17,117,1,0,0,1,0,1,117
0,14,14,21,349,1,0,0,0,1,1,349
0,9,8,13,322,1,0,0,1,0,1,322
1,8,7,9,343,1,0,1,0,0,1,343
0,15,12,17,351,1,1,0,0,0,1,351
0,,,,161,1,0,0,0,1,1,161
0,2,4,11,359,1,0,0,1,0,1,359
1,12,13,20,156,1,0,0,1,0,1,156
0,4,4,7,319,1,0,1,0,0,1,319
1,,,,226,1,0,0,1,0,1,226
0,8,11,17,285,1,1,0,0,0,1,285
1,4,9,13,0,1,0,1,0,0,1,0
1,8,5,9,110,1,0,0,1,0,1,110
0,14,10,11,206,1,0,0,1,0,1,206
1,5,7,9,13,1,0,0,1,0,,13
0,3,8,15,45,1,0,0,1,0,1,45
1,15,13,17,150,1,0,0,1,0,1,150
0,2,6,2,30,1,0,0,1,0,,30
0,3,3,0,82,1,0,0,1,0,1,82
1,13,10,11,17,1,0,0,1,0,1,17
0,5,6,6,222,1,0,0,1,0,1,222
0,,,,213,1,0,0,1,0,1,213
0,4,8,11,227,1,0,0,1,0,1,227
0,10,10,11,121,1,0,0,1,0,1,121
0,9,10,10,235,1,0,0,1,0,1,235
1,13,12,18,217,1,0,0,1,0,1,217
1,7,10,,257,1,0,1,0,0,1,257
0,11,10,11,233,1,1,0,0,0,1,233
1,7,11,11,164,1,0,0,1,0,,164
1,,,,-111,0,0,0,1,0,0,0
1,,,,-42,0,1,0,0,0,1,0
0,0,0,1,-236,0,0,0,1,0,1,0
1,,,,-85,0,0,1,0,0,0,0
0,,,,-263,0,0,0,1,0,0,0
0,,,,-191,0,0,0,1,0,1,0
1,,,,-228,0,0,1,0,0,1,0
0,2,5,5,-69,0,0,0,1,0,1,0
1,,,,-115,0,0,0,1,0,1,0
0,13,12,9,-23,0,0,1,0,0,1,0
0,,,,354,1,0,0,1,0,1,354
0,,,,132,1,0,0,1,0,,132
1,,,,301,1,0,0,1,0,1,301
1,,,,318,1,0,0,1,0,1,318
1,,,,151,1,0,0,1,0,1,151
1,6,7,9,-223,0,0,0,1,0,1,0
1,3,5,10,-118,0,0,0,1,0,1,0
1,2,5,2,-291,0,1,0,0,0,1,0
0,0,3,0,-336,0,0,0,1,0,1,0
0,0,0,0,-336,0,0,0,1,0,1,0
0,2,3,2,-232,0,0,0,1,0,1,0
1,2,5,8,-17,0,0,0,1,0,1,0
0,2,0,0,-278,0,0,1,0,0,1,0
0,2,3,11,-55,0,0,0,1,0,1,0
1,,,,-150,0,0,1,0,0,1,0
0,6,1,3,-361,0,1,0,0,0,1,0
0,5,4,9,-343,0,0,1,0,0,0,0
0,0,0,0,-242,0,0,0,1,0,1,0
1,2,7,11,-63,0,0,0,1,0,1,0
0,0,7,0,-100,0,0,0,1,0,1,0
1,7,7,0,-26,0,0,0,1,0,1,0
1,2,5,0,-220,0,0,0,1,0,1,0
0,0,3,0,-250,0,0,0,1,0,1,0
1,,,,-295,0,0,0,1,0,1,0
0,,,,-300,0,0,0,0,1,0,0
0,3,6,6,358,1,0,0,1,0,1,358
0,,,,324,1,0,1,0,0,1,324
0,,,,311,1,0,1,0,0,1,311
1,,,,201,1,0,1,0,0,1,201
1,,,,7,1,0,1,0,0,1,7
0,,,,11,1,0,1,0,0,1,11
0,,,,32,1,0,1,0,0,1,32
1,9,9,3,-74,0,0,1,0,0,1,0
1,8,10,14,-25,0,0,1,0,0,1,0
1,1,4,9,-215,0,0,1,0,0,1,0
1,4,2,4,-240,0,0,1,0,0,1,0
1,6,7,8,-117,0,0,1,0,0,1,0
1,5,3,4,-53,0,0,1,0,0,1,0
0,1,0,1,-335,0,0,1,0,0,1,0
0,1,3,6,-59,0,0,1,0,0,1,0
0,1,1,2,-297,0,0,1,0,0,1,0
1,8,8,13,-39,0,0,1,0,0,1,0
0,,,,-80,0,0,1,0,0,1,0
1,3,4,9,-319,0,0,1,0,0,1,0
1,,,5,-120,0,1,0,0,0,1,0
1,5,2,18,-101,0,1,0,0,0,1,0
0,5,5,8,-94,0,0,1,0,0,1,0
0,1,4,2,-328,0,0,0,0,1,1,0
0,,,,269,1,0,0,1,0,1,269
1,13,12,0,43,1,0,0,1,0,1,43
1,8,4,9,12,1,0,1,0,0,1,12
1,12,12,17,233,1,0,1,0,0,1,233
1,,,,128,1,1,0,0,0,1,128
1,9,7,13,-159,0,0,0,1,0,1,0
0,1,3,9,-73,0,0,1,0,0,1,0
0,1,1,6,-102,0,0,1,0,0,1,0
1,2,5,3,-17,0,0,0,1,0,1,0
1,3,5,10,-335,0,0,0,1,0,1,0
0,3,4,7,-139,0,0,0,0,1,1,0
1,0,3,0,-96,0,0,0,1,0,1,0
0,3,5,13,-137,0,0,0,1,0,1,0
1,8,6,0,-78,0,0,0,1,0,1,0
1,5,,9,-211,0,0,0,1,0,1,0
1,10,7,7,-305,0,0,1,0,0,1,0
0,4,3,0,-359,0,0,1,0,0,1,0
0,12,2,7,-102,0,0,1,0,0,1,0
1,8,4,14,-279,0,1,0,0,0,0,0
0,13,5,14,-127,0,1,0,0,0,1,0
1,1,0,0,-244,0,0,0,1,0,1,0
0,0,4,0,-90,0,0,0,1,0,1,0
0,3,3,3,-226,0,0,0,1,0,1,0
1,,,,269,1,0,1,0,0,1,269
1,,,,362,1,0,1,0,0,1,362
1,,,,348,1,0,1,0,0,1,348
1,6,8,1,74,1,1,0,0,0,1,74
0,,,,-295,0,0,1,0,0,1,0
1,,,,-102,0,1,0,0,0,1,0
1,2,5,0,-198,0,0,0,1,0,1,0
1,2,3,7,-325,0,0,1,0,0,1,0
0,15,5,10,-82,0,0,0,1,0,1,0
0,18,7,11,-11,0,0,0,1,0,1,0
0,2,8,9,-95,0,1,0,0,0,1,0
0,,,,-214,0,0,0,0,1,1,0
1,8,4,5,-173,0,1,0,0,0,1,0
0,,,,-15,0,0,0,1,0,1,0
0,12,4,9,-52,0,1,0,0,0,1,0
1,2,8,9,-56,0,0,0,1,0,1,0
1,34,15,23,-25,0,0,0,1,0,1,0
0,,,,-160,0,0,0,1,0,1,0
1,2,3,7,-325,0,0,1,0,0,1,0
0,,,,-359,0,0,0,1,0,1,0
0,4,2,1,-227,0,0,0,1,0,1,0
1,,,,-258,0,1,0,0,0,1,0
1,,,,-296,0,0,1,0,0,1,0
1,2,4,10,44,1,0,1,0,0,1,44
1,8,7,14,229,1,0,0,1,0,,229
0,5,8,16,42,1,0,1,0,0,1,42
0,4,2,11,74,1,1,0,0,0,1,74
0,0,8,0,9,1,0,0,1,0,1,9
0,,,,-118,0,1,0,0,0,1,0
0,1,5,6,-290,0,1,0,0,0,1,0
1,5,,2,-360,0,0,1,0,0,1,0
0,3,2,4,-188,0,0,1,0,0,1,0
0,2,4,8,-185,0,0,1,0,0,1,0
0,,,,-99,0,0,1,0,0,1,0
0,,,,-308,0,0,1,0,0,1,0
1,3,8,13,-248,0,1,0,0,0,1,0
1,11,7,7,-172,0,0,0,1,0,1,0
1,3,5,11,-37,0,0,1,0,0,1,0
0,7,0,11,-275,0,0,1,0,0,1,0
1,,,,-9,0,0,0,1,0,1,0
0,4,5,10,-65,0,0,1,0,0,1,0
0,8,10,8,-20,0,0,1,0,0,1,0
1,2,4,0,-350,0,0,1,0,0,1,0
0,2,5,7,-31,0,0,0,1,0,1,0
0,0,0,0,-229,0,0,0,1,0,1,0
0,5,6,9,-149,0,0,1,0,0,1,0
1,,,,347,1,0,0,1,0,1,347
0,,,,319,1,0,0,1,0,1,319
0,,,,325,1,0,0,1,0,1,325
0,5,8,8,182,1,0,0,1,0,1,182
0,5,9,16,168,1,0,1,0,0,1,168
0,3,5,1,-146,0,0,0,1,0,1,0
0,3,7,0,-266,0,0,0,1,0,1,0
0,,,,-178,0,0,0,1,0,1,0
0,,,,-341,0,1,0,0,0,0,0
1,3,6,10,-167,0,0,0,1,0,1,0
0,9,1,1,-347,0,0,0,1,0,1,0
0,2,1,7,-251,0,0,1,0,0,1,0
1,6,9,2,-173,0,0,0,1,0,1,0
1,5,7,6,-301,0,0,0,1,0,1,0
0,3,7,6,-172,0,0,0,1,0,1,0
1,3,5,4,-82,0,0,0,1,0,1,0
1,5,10,4,-44,0,0,0,1,0,1,0
1,3,5,9,-273,0,0,1,0,0,1,0
0,2,7,5,-223,0,0,0,1,0,1,0
0,9,7,13,-232,0,0,0,1,0,1,0
1,3,8,9,-187,0,0,0,1,0,1,0
1,5,10,16,-88,0,0,1,0,0,1,0
1,3,6,11,-188,0,0,1,0,0,1,0
0,3,15,14,-6,0,0,0,1,0,1,0
0,2,5,2,-29,0,0,0,1,0,1,0
1,15,13,14,341,1,0,1,0,0,1,341
0,,,,32,1,0,1,0,0,1,32
1,7,8,13,242,1,0,0,1,0,1,242
0,9,7,12,73,1,1,0,0,0,1,73
0,4,7,12,297,1,0,0,1,0,1,297
0,10,10,13,122,1,0,1,0,0,1,122
1,6,8,16,36,1,0,0,0,1,1,36
0,2,9,0,274,1,0,0,1,0,1,274
1,,,,145,1,0,0,1,0,1,145
1,0,5,0,-57,0,0,0,1,0,1,0
1,3,0,4,-101,0,0,0,1,0,1,0
0,4,7,9,-208,0,1,0,0,0,1,0
0,6,6,10,-124,0,0,1,0,0,1,0
0,0,0,0,-98,0,0,0,1,0,1,0
1,,,,-131,0,0,0,1,0,1,0
0,,2,,-4,0,0,0,1,0,1,0
0,4,6,2,-286,0,0,0,1,0,1,0
1,3,4,0,-125,0,0,0,1,0,1,0
1,0,0,0,-139,0,0,0,1,0,1,0
0,1,2,0,-165,0,0,0,1,0,1,0
0,,,,-363,0,0,1,0,0,1,0
0,2,4,9,-232,0,0,0,1,0,1,0
1,1,3,4,-133,0,0,0,1,0,1,0
1,7,7,9,-344,0,0,1,0,0,1,0
0,2,6,2,-251,0,1,0,0,0,1,0
1,1,3,,-137,0,0,0,1,0,1,0
1,2,7,10,-159,0,0,1,0,0,1,0
1,2,8,1,-170,0,0,0,1,0,1,0
0,,,,-154,0,0,0,1,0,1,0
0,9,9,15,-172,0,1,0,0,0,1,0
1,1,6,3,-142,0,1,0,0,0,1,0
0,1,1,0,-342,0,0,0,1,0,1,0
0,2,5,7,-124,0,0,0,1,0,1,0
0,3,4,0,-31,0,0,0,1,0,1,0
1,10,9,16,-54,0,0,1,0,0,1,0
0,,,,-356,0,0,0,1,0,1,0
1,4,8,10,-333,0,0,0,1,0,1,0
0,,,,-271,0,0,0,0,1,1,0
0,3,1,1,-259,0,0,0,1,0,1,0
1,6,6,8,-311,0,0,0,1,0,1,0
1,1,2,8,-316,0,1,0,0,0,1,0
0,,,,-342,0,0,0,1,0,1,0
1,,,,-279,0,0,0,1,0,1,0
1,,,,-128,0,0,0,1,0,1,0
1,3,8,10,-8,0,1,0,0,0,1,0
0,8,11,11,246,1,0,0,1,0,1,246
1,3,7,13,276,1,0,1,0,0,1,276
0,8,8,15,230,1,0,1,0,0,1,230
0,12,11,20,179,1,0,1,0,0,,179
1,12,11,15,334,1,0,0,1,0,1,334
0,,,,88,1,0,0,1,0,,88
0,2,6,2,224,1,0,1,0,0,1,224
0,12,11,16,338,1,0,0,1,0,,338
1,2,6,5,212,1,0,0,1,0,1,212
0,3,10,19,344,1,0,0,1,0,,344
1,9,8,10,122,1,0,0,1,0,1,122
1,,,,324,1,0,0,1,0,1,324
1,2,7,13,331,1,0,0,1,0,1,331
0,4,7,11,340,1,0,0,1,0,1,340
1,,,,26,1,0,1,0,0,1,26
0,0,6,11,270,1,0,1,0,0,1,270
0,6,11,16,278,1,0,0,1,0,1,278
0,6,4,2,143,1,0,0,1,0,1,143
1,10,7,15,100,1,0,0,1,0,1,100
1,13,11,15,358,1,0,0,1,0,1,358
0,2,9,11,197,1,0,0,1,0,1,197
0,6,7,2,289,1,0,0,1,0,1,289
1,9,11,15,302,1,0,0,1,0,1,302
1,13,11,18,311,1,0,0,1,0,1,311
0,11,7,7,37,1,0,0,1,0,1,37
1,13,9,17,133,1,1,0,0,0,,133
1,,,,137,1,0,1,0,0,,137
0,5,6,7,221,1,0,0,1,0,1,221
1,11,10,15,155,1,0,1,0,0,1,155
1,3,7,9,217,1,0,1,0,0,1,217
0,12,12,12,93,1,0,1,0,0,1,93
0,12,11,20,111,1,0,1,0,0,1,111
0,10,11,20,159,1,0,0,0,1,1,159
1,13,12,19,325,1,0,1,0,0,1,325
1,4,3,9,90,1,0,0,1,0,1,90
1,12,10,15,317,1,0,0,0,1,1,317
0,3,7,10,346,1,0,0,1,0,1,346
1,5,9,8,351,1,0,0,1,0,1,351
0,4,5,3,258,1,0,1,0,0,1,258
1,8,10,17,314,1,1,0,0,0,1,314
1,10,11,19,26,1,1,0,0,0,1,26
1,4,6,5,102,1,0,0,1,0,1,102
1,,,,362,1,0,0,1,0,,362
1,4,6,10,284,1,0,0,0,1,1,284
1,,,,336,1,0,0,1,0,1,336
1,12,11,14,40,1,0,1,0,0,1,40
1,7,5,11,258,1,0,1,0,0,1,258
0,,,,36,1,0,0,0,1,1,36
0,,,,95,1,0,0,1,0,1,95
0,5,5,4,238,1,0,0,1,0,1,238
1,2,5,9,326,1,0,1,0,0,1,326
1,7,6,9,350,1,0,1,0,0,1,350
1,6,7,11,78,1,0,1,0,0,1,78
0,,,,328,1,0,1,0,0,,328
1,,,,358,1,0,1,0,0,1,358
1,9,3,8,-45,0,0,1,0,0,1,0
1,2,5,12,-67,0,0,1,0,0,1,0
1,2,4,8,-343,0,0,0,1,0,0,0
1,7,4,12,-91,0,0,1,0,0,1,0
1,3,3,12,-153,0,0,0,1,0,0,0
0,,,,-328,0,0,1,0,0,1,0
0,2,1,0,-285,0,0,1,0,0,1,0
1,2,6,2,-273,0,0,0,1,0,1,0
0,,,,-8,0,1,0,0,0,1,0
1,0,3,6,-72,0,0,0,1,0,1,0
0,12,7,20,-34,0,1,0,0,0,1,0
1,2,6,8,-313,0,1,0,0,0,1,0
1,,,,-356,0,0,0,1,0,1,0
1,6,5,11,-201,0,0,0,0,1,1,0
1,2,5,10,-163,0,0,0,1,0,1,0
1,1,8,9,-28,0,0,0,1,0,1,0
0,14,10,18,-153,0,1,0,0,0,1,0
0,1,1,1,-291,0,0,0,0,1,1,0
0,1,4,1,-176,0,0,0,1,0,1,0
1,10,7,1,347,1,0,1,0,0,1,347
0,2,5,7,-216,0,0,0,1,0,1,0
0,,,,-173,0,0,1,0,0,1,0
1,7,5,8,-303,0,0,1,0,0,1,0
0,8,,10,-132,0,0,1,0,0,0,0
1,,,,-355,0,0,1,0,0,1,0
0,,,,-353,0,0,1,0,0,1,0
1,,,,-67,0,0,0,1,0,1,0
0,2,4,,-289,0,0,0,1,0,1,0
0,,,,-301,0,1,0,0,0,1,0
1,,,,-168,0,0,0,1,0,1,0
0,3,,1,-319,0,0,0,1,0,1,0
0,,,,-299,0,0,0,0,1,1,0
0,1,7,0,-101,0,0,0,1,0,1,0
0,4,6,10,-134,0,0,1,0,0,1,0
1,2,7,,-101,0,0,1,0,0,1,0
0,2,5,7,-25,0,0,1,0,0,1,0
0,,,,-195,0,0,1,0,0,1,0
1,,,,-7,0,0,0,1,0,1,0
0,,,,-326,0,0,1,0,0,1,0
1,,,,-319,0,0,1,0,0,1,0
0,,,,-348,0,0,1,0,0,1,0
1,9,7,12,-287,0,1,0,0,0,0,0
1,9,9,18,-118,0,1,0,0,0,1,0
0,,,,-296,0,0,0,1,0,1,0
1,2,5,2,-283,0,1,0,0,0,1,0
1,3,0,2,-26,0,1,0,0,0,1,0
1,6,6,11,-216,0,0,1,0,0,1,0
1,,,,-233,0,0,0,1,0,1,0
0,,,,-358,0,1,0,0,0,1,0
1,,,,-116,0,0,1,0,0,1,0
0,,,,-208,0,0,0,0,1,1,0
0,,,,-293,0,0,1,0,0,1,0
0,,,,-58,0,0,0,1,0,1,0
1,,,,-172,0,0,1,0,0,1,0
1,3,1,2,-284,0,0,1,0,0,1,0
1,9,9,10,-140,0,0,1,0,0,1,0
1,2,8,10,-19,0,0,0,1,0,1,0
1,2,1,2,-339,0,1,0,0,0,1,0
0,,,,-279,0,0,0,1,0,1,0
1,1,7,10,93,1,0,0,1,0,1,93
0,2,4,8,-112,0,0,1,0,0,1,0
0,,,,-246,0,0,0,0,1,1,0
1,3,5,0,-283,0,0,0,1,0,1,0
0,,,,-106,0,0,0,1,0,0,0
1,,,,-56,0,0,1,0,0,1,0
0,4,3,6,-213,0,1,0,0,0,1,0
0,4,7,10,-111,0,0,0,1,0,1,0
1,0,,,-78,0,0,0,1,0,1,0
1,,,,-198,0,0,0,0,1,1,0
0,0,,,-79,0,0,0,1,0,0,0
1,4,6,0,-142,0,0,0,1,0,0,0
1,13,14,14,5,1,0,1,0,0,1,5
0,3,8,12,216,1,0,0,1,0,1,216
1,4,7,5,-69,0,0,0,1,0,1,0
1,7,6,12,-148,0,1,0,0,0,1,0
0,2,0,4,-260,0,0,1,0,0,1,0
0,3,0,0,-345,0,0,0,1,0,1,0
0,,,,-118,0,0,0,1,0,1,0
1,9,1,10,-291,0,1,0,0,0,1,0
0,0,0,1,-325,0,0,0,1,0,1,0
0,6,0,2,-260,0,0,1,0,0,1,0
1,,,,-262,0,0,1,0,0,1,0
0,0,1,2,-325,0,0,0,1,0,1,0
0,,,,-231,0,0,0,1,0,1,0
1,0,7,6,-318,0,0,0,1,0,1,0
1,2,5,4,-347,0,0,0,1,0,1,0
0,3,5,9,-63,0,0,0,0,1,1,0
1,9,11,3,-261,0,0,0,1,0,1,0
1,,,,-189,0,0,0,0,1,1,0
1,6,10,15,-5,0,0,0,1,0,1,0
1,,,,-210,0,0,0,1,0,1,0
0,,,,-133,0,0,0,1,0,1,0
0,,,,-97,0,0,1,0,0,1,0
0,10,8,9,259,1,0,1,0,0,1,259
1,5,8,11,64,1,0,0,1,0,1,64
0,,,,96,1,0,0,1,0,1,96
0,,,,7,1,0,1,0,0,1,7
0,11,12,14,126,1,0,1,0,0,1,126
0,9,11,10,268,1,0,1,0,0,1,268
0,,,,67,1,0,1,0,0,1,67
1,8,9,11,149,1,0,1,0,0,1,149
1,,,,31,1,0,0,1,0,1,31
1,,,,39,1,1,0,0,0,1,39
1,4,5,11,25,1,0,0,0,1,,25
1,7,5,11,-277,0,0,1,0,0,1,0
0,,,,-211,0,0,1,0,0,1,0
0,1,4,0,-28,0,0,1,0,0,1,0
0,6,4,14,-235,0,0,1,0,0,1,0
1,8,8,11,-40,0,0,1,0,0,1,0
0,,,,-58,0,0,1,0,0,1,0
1,2,,,-135,0,0,1,0,0,1,0
1,9,5,11,-154,0,0,1,0,0,1,0
0,1,1,7,-239,0,0,0,1,0,1,0
0,3,5,4,-185,0,0,1,0,0,1,0
1,,,,-357,0,0,1,0,0,1,0
0,7,,5,-228,0,0,1,0,0,0,0
1,,,,-342,0,0,1,0,0,1,0
0,4,2,1,-268,0,0,0,0,1,1,0
0,,,,-23,0,0,1,0,0,1,0
0,3,7,2,-359,0,0,0,0,1,1,0
0,,,,-16,0,0,1,0,0,1,0
1,,,,-143,0,0,1,0,0,1,0
1,5,6,10,-17,0,0,1,0,0,1,0
0,14,6,14,-14,0,0,1,0,0,1,0
0,7,9,13,300,1,0,1,0,0,1,300
1,2,7,12,50,1,0,1,0,0,1,50
1,8,10,13,129,1,0,1,0,0,1,129
1,6,7,12,178,1,0,0,1,0,,178
1,13,10,12,180,1,0,1,0,0,1,180
1,7,10,15,220,1,1,0,0,0,,220
1,14,12,21,224,1,0,1,0,0,1,224
